{"cameraMode":{"drawMode":0,"name":"Shaded","section":"Shading Mode"},"sceneLighting":false,"audioPlay":false,"sceneViewState":{"m_AlwaysRefresh":false,"showFog":true,"showSkybox":false,"showFlares":true,"showImageEffects":true,"showParticleSystems":true,"showVisualEffectGraphs":true,"m_FxEnabled":true},"in2DMode":false,"pivot":{"x":10.04891586303711,"y":0.7113261818885803,"z":5.009011745452881},"rotation":{"x":0.07139139622449875,"y":-0.30268704891204836,"z":0.0227508544921875,"w":0.9501579999923706},"size":1.6715335845947266,"orthographic":true}