{"cameraMode":{"drawMode":0,"name":"Shaded","section":"Shading Mode"},"sceneLighting":false,"audioPlay":false,"sceneViewState":{"m_AlwaysRefresh":false,"showFog":true,"showSkybox":false,"showFlares":true,"showImageEffects":true,"showParticleSystems":true,"showVisualEffectGraphs":true,"m_FxEnabled":true},"in2DMode":false,"pivot":{"x":-1.409820795059204,"y":23.677993774414064,"z":5.0036773681640629},"rotation":{"x":0.11375219374895096,"y":-0.004772963002324104,"z":0.0005460137035697699,"w":0.9935006499290466},"size":23.2484188079834,"orthographic":false}