{"cameraMode":{"drawMode":0,"name":"Shaded","section":"Shading Mode"},"sceneLighting":true,"audioPlay":false,"sceneViewState":{"m_AlwaysRefresh":false,"showFog":true,"showSkybox":false,"showFlares":true,"showImageEffects":true,"showParticleSystems":true,"showVisualEffectGraphs":true,"m_FxEnabled":true},"in2DMode":false,"pivot":{"x":4.508885383605957,"y":-1.2665987014770509e-7,"z":-0.5009118318557739},"rotation":{"x":-0.00271109608002007,"y":0.9884315133094788,"z":-0.15060023963451386,"w":-0.017793690785765649},"size":1.3201863765716553,"orthographic":true}